2.460000000000000000e+02,1.140000000000000000e+02,1.421361572265625000e+03,6.012618408203125000e+02,8.941658735275268555e-01,1.423905029296875000e+03,5.978139648437500000e+02,8.830307722091674805e-01,1.416629150390625000e+03,5.965371093750000000e+02,8.828071355819702148e-01,1.424580932617187500e+03,6.006088256835937500e+02,6.045387983322143555e-01,1.404129638671875000e+03,5.969502563476562500e+02,7.556630373001098633e-01,1.424723510742187500e+03,6.226988525390625000e+02,6.918982267379760742e-01,1.390786132812500000e+03,6.175662841796875000e+02,7.426646947860717773e-01,1.433462646484375000e+03,6.497683105468750000e+02,5.209908485412597656e-01,1.381108398437500000e+03,6.505559082031250000e+02,6.438899636268615723e-01,1.430430175781250000e+03,6.684844970703125000e+02,4.686197936534881592e-01,1.405942626953125000e+03,6.630121459960937500e+02,6.344279646873474121e-01,1.420287109375000000e+03,6.785698852539062500e+02,4.965136647224426270e-01,1.389517456054687500e+03,6.804166259765625000e+02,5.234813690185546875e-01,1.431878784179687500e+03,6.977841186523437500e+02,2.787944078445434570e-01,1.387046508789062500e+03,7.283978881835937500e+02,2.477624565362930298e-01,1.427311645507812500e+03,7.300084838867187500e+02,1.079879030585289001e-01,1.395099487304687500e+03,7.396721191406250000e+02,1.335387676954269409e-01,1.415317871093750000e+03,5.870776977539062500e+02,7.932331562042236328e-01,1.411021484375000000e+03,6.111345214843750000e+02,7.569222450256347656e-01,1.404859863281250000e+03,6.746580810546875000e+02,5.431976318359375000e-01,1.358055541992187500e+03,7.171236572265625000e+02,2.834446541965007782e-02,1.382214599609375000e+03,7.380615234375000000e+02,2.142106182873249054e-02,1.361276733398437500e+03,7.187342529296875000e+02,7.285304367542266846e-02,1.372551025390625000e+03,7.203448486328125000e+02,5.172824114561080933e-02,1.369329833984375000e+03,7.058494262695312500e+02,9.480125457048416138e-02,1.363930664062500000e+03,6.939843139648437500e+02,6.701753288507461548e-02,1.352393310546875000e+03,5.887583007812500000e+02,8.702282714843750000e+01,1.649261474609375000e+02,1.000000000000000000e+00
2.460000000000000000e+02,1.200000000000000000e+02,1.533550048828125000e+03,5.888704223632812500e+02,9.428057670593261719e-01,1.533550048828125000e+03,5.831253662109375000e+02,8.861597180366516113e-01,1.530677490234375000e+03,5.831253662109375000e+02,9.080275893211364746e-01,1.513442260742187500e+03,5.859978637695312500e+02,7.239311933517456055e-01,1.513442260742187500e+03,5.859978637695312500e+02,9.043359756469726562e-01,1.527804931640625000e+03,6.175958862304687500e+02,9.778187274932861328e-01,1.490461914062500000e+03,6.147233276367187500e+02,9.594846367835998535e-01,1.536422607421875000e+03,6.578114624023437500e+02,8.633246421813964844e-01,1.496206909179687500e+03,6.578114624023437500e+02,9.117575883865356445e-01,1.542167602539062500e+03,6.262135009765625000e+02,7.290134429931640625e-01,1.524932373046875000e+03,6.750467529296875000e+02,8.978123664855957031e-01,1.513442260742187500e+03,7.008995971679687500e+02,9.042632579803466797e-01,1.487589355468750000e+03,7.037721557617187500e+02,8.936697244644165039e-01,1.510569702148437500e+03,7.612230224609375000e+02,7.103484869003295898e-01,1.487589355468750000e+03,7.640955810546875000e+02,9.013653397560119629e-01,1.519187255859375000e+03,8.158013305664062500e+02,5.823208689689636230e-01,1.481844238281250000e+03,8.244190063476562500e+02,9.311012029647827148e-01,1.522059814453125000e+03,5.687626342773437500e+02,9.035665392875671387e-01,1.510569702148437500e+03,6.032331542968750000e+02,9.361610412597656250e-01,1.499079467773437500e+03,7.008995971679687500e+02,9.673241376876831055e-01,1.499079467773437500e+03,8.359091796875000000e+02,4.688779413700103760e-01,1.499079467773437500e+03,8.416542358398437500e+02,8.403290510177612305e-01,1.501952026367187500e+03,8.359091796875000000e+02,3.976345062255859375e-01,1.487589355468750000e+03,8.387816772460937500e+02,8.551391959190368652e-01,1.476099121093750000e+03,8.330366210937500000e+02,3.899686932563781738e-01,1.473226562500000000e+03,8.359091796875000000e+02,9.396044611930847168e-01,1.457394653320312500e+03,5.581342163085937500e+02,9.198730468750000000e+01,2.941484375000000000e+02,0.000000000000000000e+00
2.460000000000000000e+02,1.210000000000000000e+02,1.554219848632812500e+03,5.922105712890625000e+02,9.515178203582763672e-01,1.554219848632812500e+03,5.866101074218750000e+02,9.317624568939208984e-01,1.548619506835937500e+03,5.838098754882812500e+02,9.589394927024841309e-01,1.531818115234375000e+03,5.838098754882812500e+02,7.098639607429504395e-01,1.531818115234375000e+03,5.838098754882812500e+02,9.277220964431762695e-01,1.537418579101562500e+03,6.174124755859375000e+02,8.745909929275512695e-01,1.515016845703125000e+03,6.146122436523437500e+02,9.524701833724975586e-01,1.537418579101562500e+03,6.538152465820312500e+02,7.866721153259277344e-01,1.517817138671875000e+03,6.566154785156250000e+02,8.962581753730773926e-01,1.551419677734375000e+03,6.734167480468750000e+02,7.940977215766906738e-01,1.543019042968750000e+03,6.762169799804687500e+02,8.694202303886413574e-01,1.520617309570312500e+03,7.014188842773437500e+02,8.762738108634948730e-01,1.509416503906250000e+03,7.014188842773437500e+02,8.854792118072509766e-01,1.512216674804687500e+03,7.658238525390625000e+02,8.175126314163208008e-01,1.512216674804687500e+03,7.658238525390625000e+02,9.145728945732116699e-01,1.506616210937500000e+03,8.246282958984375000e+02,8.316845893859863281e-01,1.501015747070312500e+03,8.302287597656250000e+02,8.909804821014404297e-01,1.545819213867187500e+03,5.642084350585937500e+02,9.053618311882019043e-01,1.529017944335937500e+03,6.034113769531250000e+02,9.394357800483703613e-01,1.515016845703125000e+03,6.986187133789062500e+02,9.246250391006469727e-01,1.520617309570312500e+03,8.386293945312500000e+02,7.749711871147155762e-01,1.523417480468750000e+03,8.470300292968750000e+02,8.710469007492065430e-01,1.520617309570312500e+03,8.358291625976562500e+02,7.343291640281677246e-01,1.517817138671875000e+03,8.498302612304687500e+02,8.838437795639038086e-01,1.495415405273437500e+03,8.358291625976562500e+02,6.403269171714782715e-01,1.492615112304687500e+03,8.414296264648437500e+02,9.324694275856018066e-01,1.480775024414062500e+03,5.650484619140625000e+02,8.808508300781250000e+01,2.867419433593750000e+02,0.000000000000000000e+00
2.460000000000000000e+02,1.220000000000000000e+02,1.579336303710937500e+03,5.870805664062500000e+02,9.144992828369140625e-01,1.579336303710937500e+03,5.811518554687500000e+02,9.292011260986328125e-01,1.570443237304687500e+03,5.811518554687500000e+02,9.290161132812500000e-01,1.555621582031250000e+03,5.811518554687500000e+02,7.193486690521240234e-01,1.552657226562500000e+03,5.811518554687500000e+02,9.243094921112060547e-01,1.561550292968750000e+03,6.167239990234375000e+02,9.058954715728759766e-01,1.537835449218750000e+03,6.137596435546875000e+02,9.415930509567260742e-01,1.570443237304687500e+03,6.522961425781250000e+02,8.890468478202819824e-01,1.543764160156250000e+03,6.582248535156250000e+02,9.149713516235351562e-01,1.585265014648437500e+03,6.700822143554687500e+02,7.922251224517822266e-01,1.573407592773437500e+03,6.789752807617187500e+02,8.921211957931518555e-01,1.552657226562500000e+03,7.026900024414062500e+02,8.975532650947570801e-01,1.537835449218750000e+03,7.056543579101562500e+02,8.946940302848815918e-01,1.543764160156250000e+03,7.679056396484375000e+02,7.592473626136779785e-01,1.534871093750000000e+03,7.708699951171875000e+02,9.321126341819763184e-01,1.534871093750000000e+03,8.301568603515625000e+02,6.799808740615844727e-01,1.523013793945312500e+03,8.360855712890625000e+02,9.290350675582885742e-01,1.567479003906250000e+03,5.633657836914062500e+02,8.905104398727416992e-01,1.555621582031250000e+03,6.019022827148437500e+02,9.326156973838806152e-01,1.543764160156250000e+03,7.026900024414062500e+02,9.193727970123291016e-01,1.549692871093750000e+03,8.449785766601562500e+02,8.398784399032592773e-01,1.549692871093750000e+03,8.509072875976562500e+02,8.816346526145935059e-01,1.549692871093750000e+03,8.449785766601562500e+02,7.396732568740844727e-01,1.543764160156250000e+03,8.538716430664062500e+02,9.128673076629638672e-01,1.520049438476562500e+03,8.449785766601562500e+02,5.564641952514648438e-01,1.514120727539062500e+03,8.479429321289062500e+02,9.223701357841491699e-01,1.506872192382812500e+03,5.583263549804687500e+02,8.860571289062500000e+01,3.035490722656250000e+02,0.000000000000000000e+00
2.460000000000000000e+02,1.230000000000000000e+02,1.602271484375000000e+03,5.860949707031250000e+02,9.401072859764099121e-01,1.605315917968750000e+03,5.800061035156250000e+02,9.456856846809387207e-01,1.596182495117187500e+03,5.800061035156250000e+02,9.366992712020874023e-01,1.580960205078125000e+03,5.769616088867187500e+02,6.970015168190002441e-01,1.580960205078125000e+03,5.800061035156250000e+02,9.537923336029052734e-01,1.584004760742187500e+03,6.134950561523437500e+02,8.795454502105712891e-01,1.562693481445312500e+03,6.134950561523437500e+02,9.313967227935791016e-01,1.596182495117187500e+03,6.500285034179687500e+02,7.711388468742370605e-01,1.571826904296875000e+03,6.591618652343750000e+02,9.347056150436401367e-01,1.608360351562500000e+03,6.561174316406250000e+02,4.601759612560272217e-01,1.599226928710937500e+03,6.804730224609375000e+02,9.080032110214233398e-01,1.574871337890625000e+03,7.048286743164062500e+02,8.856812715530395508e-01,1.562693481445312500e+03,7.048286743164062500e+02,9.270745515823364258e-01,1.571826904296875000e+03,7.657177734375000000e+02,8.890687227249145508e-01,1.559649047851562500e+03,7.718066406250000000e+02,8.891397714614868164e-01,1.568782470703125000e+03,8.266068115234375000e+02,6.823565959930419922e-01,1.547471313476562500e+03,8.418291015625000000e+02,9.510365128517150879e-01,1.596182495117187500e+03,5.617393798828125000e+02,8.974288702011108398e-01,1.577915771484375000e+03,5.982728271484375000e+02,9.290812015533447266e-01,1.568782470703125000e+03,7.017842407226562500e+02,9.512974619865417480e-01,1.587049194335937500e+03,8.448735351562500000e+02,7.704568505287170410e-01,1.574871337890625000e+03,8.570513916015625000e+02,8.606450557708740234e-01,1.584004760742187500e+03,8.387846679687500000e+02,7.186899781227111816e-01,1.568782470703125000e+03,8.631402587890625000e+02,9.056915044784545898e-01,1.565738037109375000e+03,8.357402343750000000e+02,5.222876071929931641e-01,1.541382324218750000e+03,8.540069580078125000e+02,9.693353176116943359e-01,1.528189331054687500e+03,5.565637207031250000e+02,9.031945800781250000e+01,3.117521972656250000e+02,0.000000000000000000e+00
2.460000000000000000e+02,1.240000000000000000e+02,1.632498779296875000e+03,5.827739868164062500e+02,9.294944405555725098e-01,1.632498779296875000e+03,5.765645751953125000e+02,9.299960136413574219e-01,1.626289306640625000e+03,5.765645751953125000e+02,9.366680979728698730e-01,1.610765869140625000e+03,5.734598999023437500e+02,7.438551187515258789e-01,1.607661132812500000e+03,5.765645751953125000e+02,9.636517763137817383e-01,1.610765869140625000e+03,6.076115112304687500e+02,8.573817014694213867e-01,1.589032958984375000e+03,6.107162475585937500e+02,9.411850571632385254e-01,1.613870605468750000e+03,6.510772705078125000e+02,8.436737060546875000e-01,1.604556518554687500e+03,6.572866821289062500e+02,9.125106334686279297e-01,1.635603515625000000e+03,6.572866821289062500e+02,6.346939802169799805e-01,1.632498779296875000e+03,6.790195312500000000e+02,9.306104779243469238e-01,1.604556518554687500e+03,7.038571166992187500e+02,8.915231227874755859e-01,1.592137695312500000e+03,7.069617919921875000e+02,9.088975787162780762e-01,1.604556518554687500e+03,7.690557250976562500e+02,8.381093740463256836e-01,1.585928344726562500e+03,7.752650756835937500e+02,9.119160771369934082e-01,1.601451782226562500e+03,8.311495971679687500e+02,7.101811170578002930e-01,1.573509521484375000e+03,8.497777709960937500e+02,8.520633578300476074e-01,1.620079956054687500e+03,5.579364013671875000e+02,9.229998588562011719e-01,1.604556518554687500e+03,5.951927490234375000e+02,9.438150525093078613e-01,1.598347167968750000e+03,7.038571166992187500e+02,9.400204420089721680e-01,1.613870605468750000e+03,8.497777709960937500e+02,8.179630637168884277e-01,1.598347167968750000e+03,8.653012695312500000e+02,8.767139315605163574e-01,1.610765869140625000e+03,8.435684204101562500e+02,7.679409384727478027e-01,1.589032958984375000e+03,8.684059448242187500e+02,8.388915657997131348e-01,1.595242431640625000e+03,8.373590087890625000e+02,6.799149513244628906e-01,1.564195434570312500e+03,8.590918579101562500e+02,9.294814467430114746e-01,1.556764404296875000e+03,5.526583862304687500e+02,9.247949218750000000e+01,3.179208984375000000e+02,0.000000000000000000e+00
2.460000000000000000e+02,1.250000000000000000e+02,1.661995971679687500e+03,5.779323120117187500e+02,9.685475826263427734e-01,1.661995971679687500e+03,5.715325317382812500e+02,9.402704834938049316e-01,1.655596191406250000e+03,5.715325317382812500e+02,9.401648640632629395e-01,1.639596679687500000e+03,5.715325317382812500e+02,8.083596825599670410e-01,1.636396850585937500e+03,5.715325317382812500e+02,9.721782803535461426e-01,1.636396850585937500e+03,6.099313354492187500e+02,9.007489085197448730e-01,1.620397338867187500e+03,6.099313354492187500e+02,9.267331957817077637e-01,1.642796630859375000e+03,6.579298706054687500e+02,9.193612337112426758e-01,1.633196899414062500e+03,6.611297607421875000e+02,9.427506923675537109e-01,1.665195922851562500e+03,6.803291625976562500e+02,8.902513980865478516e-01,1.668395874023437500e+03,6.835290527343750000e+02,9.809518456459045410e-01,1.636396850585937500e+03,7.123281250000000000e+02,9.112465977668762207e-01,1.623597167968750000e+03,7.123281250000000000e+02,9.233491420745849609e-01,1.642796630859375000e+03,7.827259521484375000e+02,8.661666512489318848e-01,1.610797607421875000e+03,7.859258422851562500e+02,9.633157849311828613e-01,1.636396850585937500e+03,8.467239379882812500e+02,8.587005734443664551e-01,1.601197875976562500e+03,8.563236694335937500e+02,8.843191266059875488e-01,1.649196411132812500e+03,5.523331298828125000e+02,9.217333793640136719e-01,1.636396850585937500e+03,5.907319335937500000e+02,9.726747870445251465e-01,1.629997070312500000e+03,7.091282348632812500e+02,9.326656460762023926e-01,1.655596191406250000e+03,8.595235595703125000e+02,8.335931301116943359e-01,1.629997070312500000e+03,8.723231811523437500e+02,7.915589213371276855e-01,1.655596191406250000e+03,8.563236694335937500e+02,7.564979791641235352e-01,1.620397338867187500e+03,8.755230712890625000e+02,7.956694364547729492e-01,1.626797119140625000e+03,8.563236694335937500e+02,7.401884198188781738e-01,1.591598266601562500e+03,8.659233398437500000e+02,9.195790290832519531e-01,1.588061889648437500e+03,5.500932617187500000e+02,9.346984863281250000e+01,3.276697387695312500e+02,0.000000000000000000e+00
2.460000000000000000e+02,1.260000000000000000e+02,1.694000854492187500e+03,5.760346069335937500e+02,9.395766258239746094e-01,1.694000854492187500e+03,5.660692749023437500e+02,9.204441308975219727e-01,1.687357421875000000e+03,5.660692749023437500e+02,9.635457992553710938e-01,1.670748535156250000e+03,5.660692749023437500e+02,7.867511510848999023e-01,1.667426757812500000e+03,5.660692749023437500e+02,9.575719237327575684e-01,1.667426757812500000e+03,6.026087036132812500e+02,8.428008556365966797e-01,1.654139770507812500e+03,6.026087036132812500e+02,9.092215895652770996e-01,1.667426757812500000e+03,6.524351806640625000e+02,8.796024918556213379e-01,1.660783203125000000e+03,6.557569580078125000e+02,9.283672571182250977e-01,1.697322631835937500e+03,6.856528320312500000e+02,8.579075932502746582e-01,1.700644409179687500e+03,6.856528320312500000e+02,9.374724030494689941e-01,1.667426757812500000e+03,7.089052124023437500e+02,9.001161456108093262e-01,1.650817993164062500e+03,7.089052124023437500e+02,8.992035388946533203e-01,1.684035644531250000e+03,7.786622314453125000e+02,9.467881917953491211e-01,1.640852661132812500e+03,7.853057861328125000e+02,9.285591244697570801e-01,1.674070312500000000e+03,8.450975341796875000e+02,9.170975685119628906e-01,1.624243896484375000e+03,8.617063598632812500e+02,8.639062643051147461e-01,1.680713867187500000e+03,5.461387329101562500e+02,9.181483387947082520e-01,1.667426757812500000e+03,5.859998779296875000e+02,9.654134511947631836e-01,1.660783203125000000e+03,7.089052124023437500e+02,8.890404701232910156e-01,1.694000854492187500e+03,8.650281372070312500e+02,8.802790641784667969e-01,1.657461547851562500e+03,8.783151855468750000e+02,7.852836251258850098e-01,1.694000854492187500e+03,8.583845825195312500e+02,8.559939265251159668e-01,1.647496215820312500e+03,8.816369628906250000e+02,8.768824934959411621e-01,1.664104980468750000e+03,8.517410888671875000e+02,8.600034117698669434e-01,1.617600341796875000e+03,8.716716308593750000e+02,9.111750125885009766e-01,1.614693969726562500e+03,5.471353149414062500e+02,1.220743408203125000e+02,3.401486206054687500e+02,0.000000000000000000e+00
2.460000000000000000e+02,1.270000000000000000e+02,1.727625610351562500e+03,5.674820556640625000e+02,9.434745907783508301e-01,1.727625610351562500e+03,5.605159912109375000e+02,9.288370609283447266e-01,1.724142578125000000e+03,5.605159912109375000e+02,9.437460303306579590e-01,1.706727416992187500e+03,5.605159912109375000e+02,8.034487962722778320e-01,1.703244384765625000e+03,5.605159912109375000e+02,9.339356422424316406e-01,1.699761474609375000e+03,5.988292846679687500e+02,9.180238246917724609e-01,1.689312377929687500e+03,5.988292846679687500e+02,9.541628360748291016e-01,1.703244384765625000e+03,6.545576171875000000e+02,1.009911537170410156e+00,1.703244384765625000e+03,6.580406494140625000e+02,9.338128566741943359e-01,1.727625610351562500e+03,6.963538818359375000e+02,8.867295384407043457e-01,1.738074707031250000e+03,6.893878173828125000e+02,9.544674158096313477e-01,1.703244384765625000e+03,7.102859497070312500e+02,9.416975975036621094e-01,1.685829345703125000e+03,7.137689819335937500e+02,8.921341300010681152e-01,1.720659545898437500e+03,7.834294433593750000e+02,9.023292660713195801e-01,1.675380249023437500e+03,7.903954467773437500e+02,9.276344776153564453e-01,1.706727416992187500e+03,8.461238403320312500e+02,9.139474034309387207e-01,1.657965209960937500e+03,8.705050048828125000e+02,8.925248980522155762e-01,1.713693481445312500e+03,5.361348876953125000e+02,9.595456719398498535e-01,1.699761474609375000e+03,5.779311523437500000e+02,1.000832080841064453e+00,1.692795410156250000e+03,7.068029174804687500e+02,9.327733516693115234e-01,1.731108642578125000e+03,8.705050048828125000e+02,9.017516374588012695e-01,1.689312377929687500e+03,8.879201049804687500e+02,7.999883294105529785e-01,1.731108642578125000e+03,8.670219726562500000e+02,9.061958789825439453e-01,1.678863281250000000e+03,8.914031372070312500e+02,8.883443474769592285e-01,1.696278442382812500e+03,8.565728759765625000e+02,8.787627220153808594e-01,1.644033081054687500e+03,8.809540405273437500e+02,8.830997347831726074e-01,1.642593872070312500e+03,5.371796875000000000e+02,1.178182373046875000e+02,3.566615600585937500e+02,0.000000000000000000e+00
2.460000000000000000e+02,1.280000000000000000e+02,1.766891479492187500e+03,5.588948974609375000e+02,9.381873607635498047e-01,1.766891479492187500e+03,5.516128540039062500e+02,9.022152423858642578e-01,1.759609497070312500e+03,5.516128540039062500e+02,9.401359558105468750e-01,1.741404418945312500e+03,5.552539062500000000e+02,7.283512353897094727e-01,1.741404418945312500e+03,5.552539062500000000e+02,9.230371117591857910e-01,1.734122436523437500e+03,5.916638793945312500e+02,8.789685964584350586e-01,1.723199462890625000e+03,5.953048706054687500e+02,9.469085335731506348e-01,1.737763427734375000e+03,6.535609130859375000e+02,9.550402760505676270e-01,1.741404418945312500e+03,6.572019042968750000e+02,9.026782512664794922e-01,1.766891479492187500e+03,6.899709472656250000e+02,8.508654832839965820e-01,1.777814453125000000e+03,6.899709472656250000e+02,9.021364450454711914e-01,1.737763427734375000e+03,7.081759643554687500e+02,9.224010109901428223e-01,1.715917480468750000e+03,7.081759643554687500e+02,9.275195002555847168e-01,1.759609497070312500e+03,7.809959716796875000e+02,9.684246182441711426e-01,1.708635498046875000e+03,7.919189453125000000e+02,9.239181876182556152e-01,1.745045410156250000e+03,8.538159790039062500e+02,9.155930280685424805e-01,1.690430419921875000e+03,8.756619873046875000e+02,9.349429607391357422e-01,1.748686523437500000e+03,5.297668457031250000e+02,9.243813157081604004e-01,1.737763427734375000e+03,5.734588623046875000e+02,9.391353726387023926e-01,1.726840454101562500e+03,7.045349121093750000e+02,9.518040418624877930e-01,1.770532470703125000e+03,8.720209960937500000e+02,8.847581744194030762e-01,1.719558471679687500e+03,8.975079956054687500e+02,7.785752415657043457e-01,1.766891479492187500e+03,8.683800048828125000e+02,9.622515439987182617e-01,1.712276489257812500e+03,9.011489868164062500e+02,8.867829442024230957e-01,1.734122436523437500e+03,8.647390136718750000e+02,8.860151171684265137e-01,1.679507446289062500e+03,8.902260131835937500e+02,9.270912408828735352e-01,1.675284179687500000e+03,5.308591918945312500e+02,1.431634521484375000e+02,3.728385009765625000e+02,0.000000000000000000e+00
2.460000000000000000e+02,1.290000000000000000e+02,1.804889282226562500e+03,5.576599731445312500e+02,9.359849095344543457e-01,1.800968505859375000e+03,5.498183593750000000e+02,9.371809363365173340e-01,1.797047729492187500e+03,5.498183593750000000e+02,9.368354082107543945e-01,1.777443725585937500e+03,5.537391357421875000e+02,7.906791567802429199e-01,1.777443725585937500e+03,5.537391357421875000e+02,9.952121376991271973e-01,1.753919067382812500e+03,5.890263061523437500e+02,8.793395161628723145e-01,1.773522949218750000e+03,5.968678588867187500e+02,9.429271221160888672e-01,1.757839843750000000e+03,6.517589721679687500e+02,9.123516082763671875e-01,1.781364624023437500e+03,6.596005249023437500e+02,9.265213012695312500e-01,1.804889282226562500e+03,6.870460815429687500e+02,8.543369174003601074e-01,1.816651733398437500e+03,6.909668579101562500e+02,9.137274622917175293e-01,1.749998291015625000e+03,7.066500244140625000e+02,7.831830978393554688e-01,1.765681396484375000e+03,7.105708007812500000e+02,8.257539272308349609e-01,1.742156616210937500e+03,7.929074707031250000e+02,6.432514786720275879e-01,1.793126953125000000e+03,7.889866333007812500e+02,5.152977705001831055e-01,1.722552734375000000e+03,8.791648559570312500e+02,4.473083913326263428e-01,1.726473510742187500e+03,8.909272460937500000e+02,4.718214273452758789e-01,1.785285400390625000e+03,5.302144165039062500e+02,9.539161324501037598e-01,1.773522949218750000e+03,5.733431396484375000e+02,9.288937449455261230e-01,1.753919067382812500e+03,7.066500244140625000e+02,8.879621028900146484e-01,1.816651733398437500e+03,8.791648559570312500e+02,4.833030104637145996e-01,1.753919067382812500e+03,8.987687988281250000e+02,6.905867457389831543e-01,1.808810058593750000e+03,8.752440795898437500e+02,4.950931668281555176e-01,1.749998291015625000e+03,9.066104125976562500e+02,7.318955659866333008e-01,1.769602172851562500e+03,8.752440795898437500e+02,3.333431780338287354e-01,1.710790283203125000e+03,8.987687988281250000e+02,6.097867488861083984e-01,1.710343750000000000e+03,5.196282958984375000e+02,1.381208496093750000e+02,4.014890747070312500e+02,0.000000000000000000e+00
2.460000000000000000e+02,1.300000000000000000e+02,1.844213989257812500e+03,5.667195434570312500e+02,8.957617282867431641e-01,1.844213989257812500e+03,5.587008056640625000e+02,7.817240953445434570e-01,1.840204589843750000e+03,5.587008056640625000e+02,8.653550148010253906e-01,1.812139160156250000e+03,5.466727905273437500e+02,8.888173699378967285e-01,1.824167236328125000e+03,5.506821289062500000e+02,8.748155832290649414e-01,1.784073730468750000e+03,5.827568969726562500e+02,8.954222798347473145e-01,1.816148559570312500e+03,5.947849731445312500e+02,9.301146268844604492e-01,1.780064453125000000e+03,6.428970947265625000e+02,9.654968380928039551e-01,1.828176635742187500e+03,6.629438476562500000e+02,9.029970169067382812e-01,1.816148559570312500e+03,6.789812011718750000e+02,7.042809724807739258e-01,1.860251342773437500e+03,6.910092773437500000e+02,8.844668865203857422e-01,1.788083129882812500e+03,7.110559692382812500e+02,7.903841137886047363e-01,1.808129882812500000e+03,7.150653076171875000e+02,8.758373856544494629e-01,1.828176635742187500e+03,7.952522583007812500e+02,5.343983769416809082e-01,1.788083129882812500e+03,8.032709350585937500e+02,5.393224954605102539e-01,1.828176635742187500e+03,8.754391479492187500e+02,7.594282627105712891e-01,1.760017700195312500e+03,8.954859008789062500e+02,8.291347622871398926e-01,1.840204589843750000e+03,5.306354370117187500e+02,8.897408246994018555e-01,1.812139160156250000e+03,5.667195434570312500e+02,9.081098437309265137e-01,1.796101806640625000e+03,7.070466308593750000e+02,8.651968836784362793e-01,1.864260742187500000e+03,8.874672241210937500e+02,8.357229828834533691e-01,1.796101806640625000e+03,9.155326538085937500e+02,8.691158294677734375e-01,1.860251342773437500e+03,8.834578857421875000e+02,8.458004593849182129e-01,1.788083129882812500e+03,9.195419921875000000e+02,8.575349450111389160e-01,1.816148559570312500e+03,8.874672241210937500e+02,9.075241684913635254e-01,1.743980346679687500e+03,9.115232543945312500e+02,8.768865466117858887e-01,1.738034667968750000e+03,5.158007812500000000e+02,1.441995849609375000e+02,4.105570678710937500e+02,0.000000000000000000e+00
2.460000000000000000e+02,1.310000000000000000e+02,1.863938964843750000e+03,5.509509887695312500e+02,5.776087045669555664e-01,1.856161010742187500e+03,5.431729736328125000e+02,3.512569963932037354e-01,1.863938964843750000e+03,5.431729736328125000e+02,5.235833525657653809e-01,1.832826904296875000e+03,5.470620117187500000e+02,8.173540234565734863e-01,1.856161010742187500e+03,5.470620117187500000e+02,7.706201076507568359e-01,1.821159790039062500e+03,5.820631103515625000e+02,9.106208682060241699e-01,1.852271972656250000e+03,5.820631103515625000e+02,8.835850358009338379e-01,1.825048828125000000e+03,6.403984375000000000e+02,9.566195011138916016e-01,1.867828002929687500e+03,6.559544677734375000e+02,8.112295269966125488e-01,1.863938964843750000e+03,6.831776123046875000e+02,8.337274193763732910e-01,1.895051147460937500e+03,6.909556274414062500e+02,8.655158877372741699e-01,1.828937866210937500e+03,7.104007568359375000e+02,8.268592953681945801e-01,1.860050048828125000e+03,7.104007568359375000e+02,8.402348756790161133e-01,1.825048828125000000e+03,8.037371826171875000e+02,8.540766835212707520e-01,1.871717041015625000e+03,7.998481445312500000e+02,8.181433081626892090e-01,1.801714721679687500e+03,9.048516235351562500e+02,8.885264396667480469e-01,1.875606079101562500e+03,8.776284790039062500e+02,9.200171828269958496e-01,1.848382934570312500e+03,5.237279052734375000e+02,7.412459254264831543e-01,1.844493896484375000e+03,5.587290039062500000e+02,8.801571130752563477e-01,1.840604858398437500e+03,7.026226806640625000e+02,8.991127610206604004e-01,1.832826904296875000e+03,9.281857299804687500e+02,8.613101840019226074e-01,1.898940185546875000e+03,8.815175170898437500e+02,8.102031350135803223e-01,1.828937866210937500e+03,9.242966918945312500e+02,8.574379682540893555e-01,1.902829223632812500e+03,8.892955322265625000e+02,7.842807769775390625e-01,1.786158691406250000e+03,9.204077148437500000e+02,8.449873328208923340e-01,1.867828002929687500e+03,8.931845703125000000e+02,7.813238501548767090e-01,1.770658325195312500e+03,5.287836303710937500e+02,1.360041503906250000e+02,3.982353515625000000e+02,0.000000000000000000e+00
2.460000000000000000e+02,1.320000000000000000e+02,1.854011474609375000e+03,5.715410766601562500e+02,6.296740770339965820e-01,1.858398437500000000e+03,5.583804931640625000e+02,6.500471234321594238e-01,1.854011474609375000e+03,5.627673339843750000e+02,5.278016328811645508e-01,1.862785278320312500e+03,5.627673339843750000e+02,4.297556281089782715e-01,1.854011474609375000e+03,5.583804931640625000e+02,3.695189058780670166e-01,1.871558959960937500e+03,5.276725463867187500e+02,3.462577462196350098e-01,1.867172119140625000e+03,5.057382507324218750e+02,3.326565921306610107e-01,1.840850952148437500e+03,5.452199096679687500e+02,8.310762643814086914e-01,1.840850952148437500e+03,5.452199096679687500e+02,7.091281414031982422e-01,1.862785278320312500e+03,5.452199096679687500e+02,4.385463297367095947e-01,1.858398437500000000e+03,5.715410766601562500e+02,4.656110703945159912e-01,1.880332641601562500e+03,6.680518188476562500e+02,6.297102570533752441e-01,1.884719482421875000e+03,6.592781372070312500e+02,5.160251855850219727e-01,1.880332641601562500e+03,7.908837280273437500e+02,7.403885722160339355e-01,1.884719482421875000e+03,7.908837280273437500e+02,6.324750185012817383e-01,1.845237792968750000e+03,9.137156372070312500e+02,7.421712875366210938e-01,1.915427490234375000e+03,8.917813720703125000e+02,5.601823925971984863e-01,1.862785278320312500e+03,5.232856445312500000e+02,4.471471309661865234e-01,1.880332641601562500e+03,5.452199096679687500e+02,4.560958445072174072e-01,1.897880004882812500e+03,6.505043945312500000e+02,6.017996072769165039e-01,1.871558959960937500e+03,9.444235839843750000e+02,7.980044484138488770e-01,1.867172119140625000e+03,9.400367431640625000e+02,6.130915880203247070e-01,1.867172119140625000e+03,9.400367431640625000e+02,7.857316136360168457e-01,1.867172119140625000e+03,9.444235839843750000e+02,6.338508129119873047e-01,1.827690429687500000e+03,9.312630615234375000e+02,7.348194122314453125e-01,1.827690429687500000e+03,9.356499023437500000e+02,6.825284361839294434e-01,1.800011840820312500e+03,5.026675109863281250e+02,1.123862304687500000e+02,4.492137145996093750e+02,0.000000000000000000e+00
